Metric,Value,Unit
Energy Saved,4885.441401823302,kWh
CO2 Avoided,801.2123898990216,kg CO2
Economic Savings,3908353.1214586417,COP
