sede,rmse,mae,r2,accuracy_pct
Chiquinquirá,1.62962886770409,0.30936392860313705,0.7245729792879654,93.02501538659115
Duitama,4.623691536856664,0.8077356031001818,0.6625177655392172,94.63386364351634
Sogamoso,5.523478236809759,0.9276282126613884,0.5764195358900635,94.20180463234051
Tunja,1.5977174707179196,0.3677233482744089,0.7721347717662175,93.67027891071523
