sede,rmse,mae,r2,accuracy_pct
Chiquinquirá,1.67317019051355,0.3929817246641087,0.7096583351041106,90.2812947200319
Duitama,4.801023245205809,1.1970680374840703,0.6361345440211413,90.15431783968545
Sogamoso,5.711656282209533,1.3534732460277028,0.5470661734291142,89.52955636265781
Tunja,1.7525181112601431,0.5588269505819471,0.7258406137440261,89.05292093297864
