sede,rmse,mae
Chiquinquirá,1.9734567447329812,0.4360021643625523
Duitama,5.17849026121351,1.2638455725111215
Sogamoso,5.480308000563852,1.3749610964793784
Tunja,2.033762894927167,0.603678814320145
